agency_name,section_1_title,section_2_title,section_3_title
Action,,,
"Administration Office, Executive Office of the President",,,
Administrative Office of United States Courts,Health & Public Welfare,,
African Development Foundation,Money,World,
Agency for Healthcare Research and Quality,Health & Public Welfare,,
Agency for International Development,Money,World,
Agency for Toxic Substances and Disease Registry,Health & Public Welfare,,
Aging Administration,Health & Public Welfare,,
Agricultural Marketing Service,Business & Industry,,
Agricultural Research Service,Science & Technology,,
Agricultural Trade and Export Policy National Commission,Business & Industry,,
Agriculture Department,Business & Industry,Money,
Air Force Department,Money,World,
Air Quality National Commission,Environment,,
Air Transportation Stabilization Board,Business & Industry,,
"Alaska Natural Gas Transportation System, Office of Federal Inspector",
Alaska Power Administration,Business & Industry
Alcohol and Tobacco Tax and Trade Bureau,Money
"Alcohol, Tobacco, Firearms, and Explosives Bureau",World
American Battle Monuments Commission,Environment
Amtrak Reform Council,Business & Industry
Animal and Plant Health Inspection Service,Health & Public Welfare
Antitrust Division,Money
Antitrust Modernization Commission,
Appalachian Regional Commission,
Appalachian States Low-Level Radioactive Waste Commission,Environment
Architect of the Capitol,Environment
Architectural and Transportation Barriers Compliance Board,Health & Public Welfare
Arctic Research Commission,Science & Technology
Armed Forces Retirement Home,Health & Public Welfare
Arms Control and Disarmament Agency,
Army Department,Money,World
Assassination Records Review Board,Health & Public Welfare,
"Audit Office, Agriculture Department",Money,
Aviation Safety Commission,Health & Public Welfare,
Barry M. Goldwater Scholarship and Excellence in Education Foundation,Health & Public Welfare,
"Benefits Review Board, Labor Department",,
Bipartisan Commission on Entitlement and Tax Reform,Money,
Board of Directors of the Hope for Homeowners Program,Health & Public Welfare,
Bonneville Power Administration,Science & Technology,
Broadcasting Board of Governors,Money,World
Census Bureau,Health & Public Welfare,
Census Monitoring Board,Health & Public Welfare,
Centers for Disease Control and Prevention,Health & Public Welfare,
Centers for Medicare & Medicaid Services,Health & Public Welfare,
Central Intelligence Agency,World,
Chemical Safety and Hazard Investigation Board,Environment,
Child Support Enforcement Office,Health & Public Welfare,,
Children and Families Administration,Health & Public Welfare,,
Christopher Columbus Quincentenary Jubilee Commission,,,
Civil Liberties Public Education Fund Board,Health & Public Welfare,,
Civil Rights Commission,Health & Public Welfare,,
Coast Guard,World,,
Commerce Department,Business & Industry,Money,World
Commercial Space Transportation Office,Science & Technology,,
Commission for the Improvement of the Federal Crop Insurance Program,Environment,,
Commission of Fine Arts,Health & Public Welfare,,
Commission on Agricultural Workers,Business & Industry,,
Commission on Education of the Deaf,Health & Public Welfare,,
"Commission on Executive, Legislative, and Judicial Salaries",Money,,
Commission on Immigration Reform,World,,
Commission on Interstate Child Support,Health & Public Welfare,,
Commission on Merchant Marine and Defense,World,,
Commission on Minority Business Development,Business & Industry
Commission on Protecting and Reducing Government Secrecy,Health & Public Welfare
Commission on Railroad Retirement Reform,Business & Industry
Commission on Review of Overseas Military Facility Structure of the United States,World
Commission on Structural Alternatives for the Federal Courts of Appeals,Health & Public Welfare
Commission on the Advancement of Federal Law Enforcement,Health & Public Welfare
Commission on the Bicentennial of the United States Constitution,Health & Public Welfare
Commission on the Future of the United States Aerospace Industry,Science & Technology
Commission on the Social Security Notch Issue,Health & Public Welfare
Commission on the Ukraine Famine,World
Committee for Purchase From People Who Are Blind or Severely Disabled,Money
Committee for the Implementation of Textile Agreements,World
Commodity Credit Corporation,Money
Commodity Futures Trading Commission,Money
Community Development Financial Institutions Fund,Money
Competitiveness Policy Council,Health & Public Welfare
Comptroller of the Currency,Money,
Congressional Budget Office,Money,
Consumer Affairs Council,Health & Public Welfare,
Consumer Affairs Office,Health & Public Welfare,
Consumer Product Safety Commission,Health & Public Welfare,
"Cooperative State Research, Education, and Extension Service",,
Coordinating Council on Juvenile Justice and Delinquency Prevention,Health & Public Welfare,
"Copyright Office, Library of Congress",,
Copyright Royalty Board,Business & Industry,
"Copyright Royalty Judges, Library of Congress",Business & Industry,
Copyright Royalty Tribunal,,
Corporation for National and Community Service,Health & Public Welfare,Money
Council on Environmental Quality,Environment,
Counsel to the President,Health & Public Welfare,
Court Services and Offender Supervision Agency for the District of Columbia,Health & Public Welfare,
"Crime and Security in U.S. Seaports, Interagency Commission",World,
Customs Service,World,,
Defense Acquisition Regulations System,,,
Defense Audit Service,Money,,
Defense Base Closure and Realignment Commission,Health & Public Welfare,,
Defense Communications Agency,,,
Defense Contract Audit Agency,,,
Defense Criminal Investigative Service,Health & Public Welfare,,
Defense Department,Environment,Money,World
Defense Information Systems Agency,,,
Defense Intelligence Agency,,,
Defense Investigative Service,Health & Public Welfare,,
Defense Logistics Agency,Money,Science & Technology,
Defense Mapping Agency,,,
Defense Nuclear Facilities Safety Board,Environment,,
Defense Special Weapons Agency,Science & Technology,,
Defense Supply Agency,Money,,
Delaware River Basin Commission,Environment,
Denali Commission,Business & Industry,
Depository Institutions Deregulation Committee,Money,
Disability Employment Policy Office,Business & Industry,
Drug Enforcement Administration,Health & Public Welfare,
East-West Foreign Trade Board,World,
Economic Analysis Bureau,Business & Industry,
Economic Analysis Staff,Business & Industry,
Economic Development Administration,Business & Industry,
"Economic Opportunity, National Advisory Council",Business & Industry,
Economic Regulatory Administration,Business & Industry,
Economic Research Service,Business & Industry,
Economics and Statistics Administration,Business & Industry,
Economics Management Staff,Business & Industry,
Education Department,Money,Science & Technology
Election Assistance Commission,,
Electronic Commerce Advisory Commission,Business & Industry,
Emergency Oil and Gas Guaranteed Loan Board,Money,
Emergency Steel Guarantee Loan Board,Money,
Employee Benefits Security Administration,Business & Industry,
Employees Compensation Appeals Board,Business & Industry,
Employment and Training Administration,Business & Industry,
Employment Standards Administration,Business & Industry,
Endangered Species Committee,Environment,
Energy Department,Money,Science & Technology
Energy Efficiency and Renewable Energy Office,Environment,
Energy Information Administration,Science & Technology,
"Energy Policy and New Uses Office, Agriculture Department",,
Energy Research Office,Science & Technology,
Energy Technology Office,Science & Technology,
Engineers Corps,Environment,World
Engraving and Printing Bureau,Money,
"Environment Office, Energy Department",Environment,
Environmental Protection Agency,Environment,Money
"Environmental Quality Office, Agriculture Department",,
Equal Employment Opportunity Commission,Business & Industry,
Executive Council on Integrity and Efficiency,,
Executive Office for Immigration Review,World,
Export Administration Bureau,Business & Industry,
Export-Import Bank,Money,
Faith-based Neighborhood Partnerships Office,Health & Public Welfare,
Family Assistance Office,Health & Public Welfare,
Farm Credit Administration,Money,
Farm Credit System Assistance Board,Money,
Farm Credit System Insurance Corporation,Money,
Farm Service Agency,Money,
Federal Accounting Standards Advisory Board,Money,
Federal Aviation Administration,Science & Technology,
Federal Bureau of Investigation,World
Federal Communications Commission,Science & Technology
Federal Contract Compliance Programs Office,Money
Federal Crop Insurance Corporation,Money
Federal Deposit Insurance Corporation,Money
Federal Election Commission,
Federal Emergency Management Agency,World
Federal Energy Regulatory Commission,Science & Technology
Federal Financial Institutions Examination Council,Money
Federal Financing Bank,Money
Federal Highway Administration,Business & Industry
Federal Home Loan Bank Board,Money
Federal Home Loan Mortgage Corporation,Money
Federal Housing Enterprise Oversight Office,Health & Public Welfare
Federal Housing Finance Agency,Money
Federal Housing Finance Board,Money
Federal Labor Relations Authority,World
Federal Law Enforcement Training Center,Money
Federal Maritime Commission,Business & Industry
Federal Mediation and Conciliation Service,Business & Industry
Federal Mine Safety and Health Review Commission,Health & Public Welfare
Federal Motor Carrier Safety Administration,Health & Public Welfare
"Federal Pay, Advisory Committee",Money
Federal Prison Industries,Business & Industry
Federal Procurement Policy Office,Money
Federal Railroad Administration,Business & Industry
Federal Register Office,Health & Public Welfare
"Federal Register, Administrative Committee",
Federal Reserve System,Money
Federal Retirement Thrift Investment Board,
Federal Service Impasses Panel,
Federal Statistical Policy and Standards Office,Business & Industry
Federal Trade Commission,Business & Industry
Federal Transit Administration,Business & Industry
Financial Crimes Enforcement Network,Health & Public Welfare
Financial Crisis Inquiry Commission,Money
Fiscal Service,Money
Fish and Wildlife Service,Environment
Food and Consumer Service,Health & Public Welfare
Food and Drug Administration,Health & Public Welfare
Food and Nutrition Service,Health & Public Welfare
Food Safety and Inspection Service,Health & Public Welfare
Foreign Agricultural Service,World
Foreign Assets Control Office,Money
Foreign Claims Settlement Commission,World
Foreign Service Grievance Board,World
Foreign Service Impasse Disputes Panel,World
Foreign Service Labor Relations Board,World
Foreign-Trade Zones Board,Business & Industry,
Forest Service,Environment,
General Services Administration,Money,
Geographic Names Board,Environment,
Geological Survey,Environment,
Government Accountability Office,Money,
Government Accountability Office,,
Government Ethics Office,,
Government National Mortgage Association,Money,
Government Printing Office,Business & Industry,
"Grain Inspection, Packers and Stockyards Administration",Health & Public Welfare,
Grants and Program Systems Office,Money,
Harry S. Truman Scholarship Foundation,Money,
Health and Human Services Department,Health & Public Welfare,Money
Health Resources and Services Administration,,
"Hearings and Appeals Office, Energy Department",Science & Technology,
"Hearings and Appeals Office, Interior Department",Environment,
"Historic Preservation, Advisory Council",Environment,
Holocaust Memorial Council,Health & Public Welfare,
Homeland Security Department,Money,World
Housing and Urban Development Department,Health & Public Welfare,Money
Human Development Services Office,Health & Public Welfare,
Human Nutrition Information Service,Health & Public Welfare,
"Human Radiation Experiments, Advisory Committee",Health & Public Welfare,
Immigration and Naturalization Service,,
Independent Counsel Office,Health & Public Welfare,
Indian Affairs Bureau,Health & Public Welfare,
Indian Arts and Crafts Board,Health & Public Welfare,
Indian Education National Advisory Council,Health & Public Welfare,
Indian Health Service,Health & Public Welfare,
Indian Trust Transition Office,Health & Public Welfare,
"Industrial Economics Bureau, Commerce Department",Business & Industry,
"Industrial Economics Office, Treasury Department",Business & Industry,,
Industry and Security Bureau,World,,
"Information Resources Management Office, Agriculture Department",,,
Information Security Oversight Office,World,,
"Inspector General Office, Agriculture Department",Business & Industry,,
"Inspector General Office, Health and Human Services Department",Health & Public Welfare,,
Institute of American Indian and Alaska Native Culture and Arts Development,Health & Public Welfare,,
Interagency Coordinating Council,,,
Interagency Environmental Technology Export Group,Science & Technology,,
Interagency Floodplain Management Review Committee,Environment,,
Inter-American Foundation,World,,
Intergovernmental and Institutional Relations Office (DOE),,,
Intergovernmental Relations Advisory Commission,,,
Interior Department,Environment,Health & Public Welfare,Money
Internal Revenue Service,Money,,
"International Boundary and Water Commission, United States and Mexico",World,,
International Broadcasting Board,World,,
International Cultural and Trade Center Commission,World,,
International Development Cooperation Agency,World,,
International Investment Office,World,,
International Joint Commission-United States and Canada,World,,
International Trade Administration,Business & Industry,World,
International Trade Commission,World,,
James Madison Memorial Fellowship Foundation,Money,,
Japan-United States Friendship Commission,World,,
Joint Board for Enrollment of Actuaries,Money,,
Judicial Conference of the United States,Health & Public Welfare,,
Judicial Review Commission on Foreign Asset Control,Health & Public Welfare,,
Justice Department,Environment,Health & Public Welfare,Money
Justice Programs Office,,,
Juvenile Justice and Delinquency Prevention Office,,,
Labor Department,Money,,
Labor Statistics Bureau,Business & Industry
Labor-Management Relations and Cooperative Programs Bureau,Business & Industry
Labor-Management Standards Office,Business & Industry
Land Management Bureau,Environment
Legal Services Corporation,Health & Public Welfare
Library of Congress,Health & Public Welfare
Local Television Loan Guarantee Board,Money
Lower Mississippi Delta Development Commission,Environment
Management and Budget Office,Money
Marine Mammal Commission,Environment
Maritime Administration,Business & Industry
"Martin Luther King, Jr. Federal Holiday Commission",Health & Public Welfare
Medicare Payment Advisory Commission,Health & Public Welfare
Merit Systems Protection Board,
Micronesian Status Negotiations Office,World
Millennium Challenge Corporation,World
Mine Safety and Health Administration,Health & Public Welfare,
Minerals Management Service,Environment,
Mines Bureau,Science & Technology,
Minority Business Development Agency,Business & Industry,
Minority Economic Impact Office,Science & Technology,
Mississippi River Commission,Environment,
Monetary Offices,Money,
Monitored Retrievable Storage Review Commission,Environment,
Morris K. Udall Scholarship and Excellence in National Environmental Policy Foundation,Money,
National Acid Precipitation Assessment Program,Environment,
National Advisory Commission on Law Enforcement,Health & Public Welfare,
National Advisory Council on the Public Service,Health & Public Welfare,
National Aeronautics and Space Administration,Money,Science & Technology
National Agricultural Library,,
National Agricultural Statistics Service,Business & Industry,
National Archives and Records Administration,Health & Public Welfare,Money
National Bankruptcy Review Commission,Money
National Biological Service,Health & Public Welfare
National Bipartisan Commission on Future of Medicare,Health & Public Welfare
National Capital Planning Commission,Environment
National Civilian Community Corps,Health & Public Welfare
National Commission for Employment Policy,Business & Industry
National Commission on Acquired Immune Deficiency Syndrome,Health & Public Welfare
"National Commission on American Indian, Alaskan Native and Hawaiian Native Housing",Health & Public Welfare
National Commission on America's Urban Families,Health & Public Welfare
National Commission on Children,Health & Public Welfare
National Commission on Drug-Free Schools,Health & Public Welfare
"National Commission on Financial Institution Reform, Recovery, and Enforcement",Money
National Commission on Fiscal Responsibility and Reform,Money
National Commission on Intermodal Transportation,Science & Technology
National Commission on Judicial Discipline and Removal,Health & Public Welfare
National Commission on Libraries and Information Science,
National Commission on Manufactured Housing,Business & Industry
National Commission on Migrant Education,Science & Technology
National Commission on Restructuring the Internal Revenue Service,Money
National Commission on Severely Distressed Public Housing,Health & Public Welfare
National Commission on Terrorist Attacks Upon the United States,World
National Commission on the Cost of Higher Education,Money
National Commission To Ensure Strong Competitive Airline Industry,Business & Industry
National Commission to Prevent Infant Mortality,Health & Public Welfare
National Communications System,Science & Technology
National Consumer Cooperative Bank,
National Council on Disability,Science & Technology
National Council on Public Works Improvement,Environment
National Council on the Handicapped,Health & Public Welfare
National Counterintelligence Center,World
National Credit Union Administration,Money
National Crime Prevention and Privacy Compact Council,Health & Public Welfare
National Critical Materials Council,,
National Drug Control Policy Office,Health & Public Welfare,
National Economic Commission,Business & Industry,
National Economic Council,Business & Industry,
National Education Goals Panel,,
National Foundation on the Arts and the Humanities,Health & Public Welfare,Money
National Gambling Impact Study Commission,Health & Public Welfare,
National Geospatial-Intelligence Agency,World,
National Highway Traffic Safety Administration,Health & Public Welfare,Science & Technology
National Historical Publications and Records Commission,Health & Public Welfare,
National Indian Gaming Commission,Health & Public Welfare,
National Institute for Literacy,Science & Technology,
National Institute of Corrections,Science & Technology,
National Institute of Food and Agriculture,Science & Technology,
National Institute of Justice,Science & Technology,
National Institute of Standards and Technology,Science & Technology,
National Institutes of Health,Science & Technology,
"National Intelligence, Office of the National Director",World,
National Labor Relations Board,Business & Industry,
National Library of Medicine,Science & Technology,
National Mediation Board,Business & Industry,
National Nanotechnology Coordination Office,Science & Technology,
National Nuclear Security Administration,Environment,
National Occupational Information Coordinating Committee,Business & Industry,
National Oceanic and Atmospheric Administration,Environment,Science & Technology
National Park Service,Environment,
National Partnership for Reinventing Government,,
National Prison Rape Elimination Commission,Health & Public Welfare,
National Railroad Passenger Corporation,Business & Industry,
National Science Foundation,Money,Science & Technology
National Security Agency/Central Security Service,World,
National Security Council,Science & Technology,World
National Shipping Authority,Business & Industry,
National Skill Standards Board,Science & Technology,
National Space Council,Science & Technology,
National Technical Information Service,Science & Technology,
National Telecommunications and Information Administration,Science & Technology,
National Transportation Safety Board,Health & Public Welfare,
National Women's Business Council,Business & Industry,
Natural Resources Conservation Service,Environment,
Navajo and Hopi Indian Relocation Office,Health & Public Welfare,
Navy Department,Money,World
Neighborhood Reinvestment Corporation,Health & Public Welfare,
Northeast Dairy Compact Commission,Business & Industry,
Northeast Interstate Low-Level Radioactive Waste Commission,Environment,
"Nuclear Energy Office, Energy Department",Science & Technology,
Nuclear Regulatory Commission,Money,Science & Technology
Nuclear Waste Negotiator Office,Environment,
Nuclear Waste Technical Review Board,Environment
Occupational Safety and Health Administration,Health & Public Welfare
Occupational Safety and Health Review Commission,Health & Public Welfare
Ocean Policy Commission,Environment
Office of Motor Carrier Safety,Health & Public Welfare
Office of National Drug Control Policy,Health & Public Welfare
Office of Policy Development,
Office of the Assistant to the President and Chief of Staff,
Office of the Special Counsel,
Oklahoma City National Memorial Trust,Money
Operations Office,Environment
Ounce of Prevention Council,Health & Public Welfare
Overseas Private Investment Corporation,World
Oversight Board,Money
Pacific Northwest Electric Power and Conservation Planning Council,Business & Industry
Panama Canal Commission,
Parole Commission,Health & Public Welfare,
Patent and Trademark Office,Business & Industry,
Peace Corps,Money,World
Pension and Welfare Benefits Administration,Business & Industry,
Pension Benefit Guaranty Corporation,Business & Industry,
Personnel Management Office,Health & Public Welfare,Money
Physician Payment Review Commission,,
Pipeline and Hazardous Materials Safety Administration,Health & Public Welfare,
Postal Regulatory Commission,Business & Industry,
Postal Service,Business & Industry,
President John F. Kennedy Assassination Records Review Board,Science & Technology,
Presidential Advisory Committee on Gulf War Veterans' Illnesses,Health & Public Welfare,
Presidential Commission on Assignment of Women in the Armed Forces,Health & Public Welfare,
Presidential Commission on Catastrophic Nuclear Accidents,Environment,
Presidential Commission on the Human Immunodeficiency Virus Epidemic,Health & Public Welfare,
Presidential Commission on the Space Shuttle Challenger Accident,Science & Technology,
Presidential Documents,
Presidential Task Force on Project Economic Justice,Business & Industry
President's Commission on Compensation of Career Federal Executives,Business & Industry
President's Commission on Critical Infrastructure Protection,World
President's Commission on Executive Exchange,
President's Commission on Federal Ethics Law Reform,
President's Commission on Management of A.I.D. Development Programs,World
President's Commission on Model State Drug Laws,Health & Public Welfare
President's Commission on Privatization,Business & Industry
President's Commission on the Federal Appointment Process,
President's Commission on White House Fellowships,Money
President's Council on Integrity and Efficiency,
President's Council on Sustainable Development,Science & Technology
President's Critical Infrastructure Protection Board,World
President's Economic Policy Advisory Board,Business & Industry
President's Education Policy Advisory Committee,Business & Industry
President's Outer Continental Shelf Leasing and Development Task Force,Business & Industry
President's Special Review Board,World
President's Task Force on National Health Care Reform,Health & Public Welfare
Presidio Trust,Environment
Prisons Bureau,Health & Public Welfare
Privacy and Civil Liberties Oversight Board,
Program Support Center,Health & Public Welfare
Prospective Payment Assessment Commission,
Public Debt Bureau,Money
Public Health Service,
Railroad Accounting Principles Board,Money
Railroad Retirement Board,Business & Industry
Reagan-Udall Foundation,Money
Reclamation Bureau,Environment
Recovery Accountability and Transparency Board,Money
Refugee Resettlement Office,World
Regulatory Information Service Center,
Research and Innovative Technology Administration,Science & Technology
Research and Special Programs Administration,Science & Technology
Resolution Trust Corporation,
Revenue Sharing Office,Money
Risk Management Agency,Money
Roosevelt Campobello International Park Commission,Environment
Rural Business-Cooperative Service,Business & Industry
Rural Housing and Community Development Service,Health & Public Welfare
Rural Housing Service,Health & Public Welfare
Rural Telephone Bank,Business & Industry
Rural Utilities Service,Science & Technology
Saint Elizabeths Hospital,Health & Public Welfare
Saint Lawrence Seaway Development Corporation,World
"Science and Education, Office of Director for",Science & Technology
Science and Technology Policy Office,
Secret Service,Money,
Securities and Exchange Commission,Money,
Selective Service System,World,
Small Business Administration,Business & Industry,Money
Smithsonian Institution,Health & Public Welfare,
Social Security Administration,Health & Public Welfare,Money
Southeastern Power Administration,Business & Industry,
Southwestern Power Administration,Business & Industry,
Special Counsel Office,,
Special Inspector General For Iraq Reconstruction,World,
Special Trustee for American Indians Office,Health & Public Welfare,
State Department,Money,World
State Justice Institute,Health & Public Welfare,
Strategic Environmental Research and Development Program Scientific Advisory Board,Science & Technology,
Substance Abuse and Mental Health Services Administration,Health & Public Welfare,
Surface Mining Reclamation and Enforcement Office,Environment,
Surface Transportation Board,Business & Industry,,
Susquehanna River Basin Commission,Environment,,
Synthetic Fuels Corporation,Science & Technology,,
Technology Administration,Science & Technology,,
Technology Assessment Office,,,
Tennessee Valley Authority,Business & Industry,,
The White House Office,,,
Thrift Depositor Protection Oversight Board,,,
Thrift Supervision Office,Money,,
Trade and Development Agency,World,,
"Trade Representative, Office of United States",World,,
Transportation Department,Business & Industry,Money,World
"Transportation Office, Agriculture Department",,,
Transportation Security Administration,World,,
Transportation Statistics Bureau,Business & Industry,,
Travel and Tourism Administration,Business & Industry,,
Treasury Department,Money
Twenty-First Century Workforce Commission,Business & Industry
U.S. Citizenship and Immigration Services,World
U.S. Commission on Improving Effectiveness of United Nations,World
U.S. Customs and Border Protection,World
U.S. House of Representatives,
U.S. Immigration and Customs Enforcement,World
U.S. Trade Deficit Review Commission,World
U.S.-China Economic and Security Review Commission,World
Uniformed Services University of the Health Sciences,Health & Public Welfare
United States Claims Court,
United States Court of Veterans Appeals,
United States Enrichment Corporation,Science & Technology
United States Information Agency,
United States Institute of Peace,World
United States Marshals Service,Health & Public Welfare
United States Mint,Money,
United States Railway Association,,
United States Sentencing Commission,Health & Public Welfare,
United States--Pacific Trade and Investment Policy Commission,World,
Urban Reinvestment Task Force,Health & Public Welfare,
Utah Reclamation Mitigation and Conservation Commission,Environment,
Valles Caldera Trust,Environment,
Veterans Affairs Department,Health & Public Welfare,Money
Veterans Employment and Training Service,Business & Industry,Money
Vice President of the United States,,
Victims of Crime Office,Health & Public Welfare,
Wage and Hour Division,Business & Industry,
Western Area Power Administration,Business & Industry,
White House Conference for a Drug Free America,Health & Public Welfare,
White House Office of Public Liaison,,
Women's Business Enterprise Interagency Committee,Business & Industry,
Women's Progress Commemoration Commission,Health & Public Welfare
Workers Compensation Programs Office,Business & Industry
World Agricultural Outlook Board,World